{"cameraMode":{"drawMode":0,"name":"Shaded","section":"Shading Mode"},"sceneLighting":false,"audioPlay":false,"sceneViewState":{"showFog":true,"showMaterialUpdate":false,"showSkybox":true,"showFlares":true,"showImageEffects":true,"showParticleSystems":true},"in2DMode":false,"pivot":{"x":9.599639892578125,"y":39.69324493408203,"z":33.656150817871097},"rotation":{"x":0.293226420879364,"y":0.5683240294456482,"z":-0.22687040269374848,"w":0.7345497012138367},"size":162.6876983642578,"orthographic":false}