{"cameraMode":{"drawMode":0,"name":"Shaded","section":"Shading Mode"},"sceneLighting":false,"audioPlay":false,"sceneViewState":{"showFog":true,"showMaterialUpdate":true,"showSkybox":true,"showFlares":true,"showImageEffects":true,"showParticleSystems":true},"in2DMode":false,"pivot":{"x":-59.761619567871097,"y":60.96150207519531,"z":146.4884796142578},"rotation":{"x":0.06209447234869003,"y":0.9049744009971619,"z":-0.14177270233631135,"w":0.39633792638778689},"size":14.289420127868653,"orthographic":false}