{"cameraMode":{"drawMode":0,"name":"Shaded","section":"Shading Mode"},"sceneLighting":false,"audioPlay":false,"sceneViewState":{"showFog":false,"showMaterialUpdate":false,"showSkybox":false,"showFlares":false,"showImageEffects":false,"showParticleSystems":false},"in2DMode":false,"pivot":{"x":1066.944091796875,"y":628.1314086914063,"z":533.8414306640625},"rotation":{"x":-0.16746486723423005,"y":0.3320186138153076,"z":-0.059938155114650729,"w":-0.9264172911643982},"size":157.6182861328125,"orthographic":false}