{"cameraMode":{"drawMode":0,"name":"Shaded","section":"Shading Mode"},"sceneLighting":false,"audioPlay":false,"sceneViewState":{"showFog":false,"showMaterialUpdate":false,"showSkybox":false,"showFlares":false,"showImageEffects":false,"showParticleSystems":false},"in2DMode":false,"pivot":{"x":-6.625449180603027,"y":-11.728606224060059,"z":14.921224594116211},"rotation":{"x":-0.19670470058918,"y":0.24049973487854005,"z":-0.049769312143325809,"w":-0.9492693543434143},"size":57.15768051147461,"orthographic":false}