{"cameraMode":{"drawMode":0,"name":"Shaded","section":"Shading Mode"},"sceneLighting":false,"audioPlay":false,"sceneViewState":{"showFog":false,"showMaterialUpdate":false,"showSkybox":false,"showFlares":false,"showImageEffects":false,"showParticleSystems":false},"in2DMode":false,"pivot":{"x":-15.289941787719727,"y":-10.488615989685059,"z":26.666820526123048},"rotation":{"x":-0.14757594466209413,"y":0.28692948818206789,"z":-0.044713784009218219,"w":-0.9455240964889526},"size":59.903812408447269,"orthographic":false}