{"cameraMode":{"drawMode":0,"name":"Shaded","section":"Shading Mode"},"sceneLighting":false,"audioPlay":false,"sceneViewState":{"showFog":false,"showMaterialUpdate":false,"showSkybox":false,"showFlares":false,"showImageEffects":false,"showParticleSystems":false},"in2DMode":false,"pivot":{"x":-78.8093032836914,"y":-46.30876541137695,"z":118.6853256225586},"rotation":{"x":-0.14757594466209413,"y":0.28692948818206789,"z":-0.044713784009218219,"w":-0.9455240964889526},"size":173.78369140625,"orthographic":false}