{"cameraMode":{"drawMode":0,"name":"Shaded","section":"Shading Mode"},"sceneLighting":false,"audioPlay":false,"sceneViewState":{"showFog":false,"showMaterialUpdate":false,"showSkybox":false,"showFlares":false,"showImageEffects":false,"showParticleSystems":false},"in2DMode":false,"pivot":{"x":-17.637895584106447,"y":-11.260764122009278,"z":28.00080680847168},"rotation":{"x":-0.14757594466209413,"y":0.28692948818206789,"z":-0.044713784009218219,"w":-0.9455240964889526},"size":63.328857421875,"orthographic":false}