{"cameraMode":{"drawMode":0,"name":"Shaded","section":"Shading Mode"},"sceneLighting":false,"audioPlay":false,"sceneViewState":{"showFog":false,"showMaterialUpdate":false,"showSkybox":false,"showFlares":false,"showImageEffects":false,"showParticleSystems":false},"in2DMode":false,"pivot":{"x":-12.12855339050293,"y":-7.244273662567139,"z":18.984909057617189},"rotation":{"x":-0.14757594466209413,"y":0.28692948818206789,"z":-0.044713784009218219,"w":-0.9455240964889526},"size":44.83766174316406,"orthographic":false}