{"cameraMode":{"drawMode":0,"name":"Shaded","section":"Shading Mode"},"sceneLighting":false,"audioPlay":false,"sceneViewState":{"showFog":false,"showMaterialUpdate":false,"showSkybox":false,"showFlares":false,"showImageEffects":false,"showParticleSystems":false},"in2DMode":false,"pivot":{"x":-8.06348705291748,"y":-6.530479907989502,"z":-1.5291091203689576},"rotation":{"x":-0.18178735673427583,"y":0.7687755823135376,"z":-0.24949553608894349,"w":-0.5601598024368286},"size":31.436723709106447,"orthographic":false}