{"cameraMode":{"drawMode":0,"name":"Shaded","section":"Shading Mode"},"sceneLighting":false,"audioPlay":false,"sceneViewState":{"showFog":false,"showMaterialUpdate":false,"showSkybox":false,"showFlares":false,"showImageEffects":false,"showParticleSystems":false},"in2DMode":false,"pivot":{"x":-9.284936904907227,"y":-2.2993879318237306,"z":23.822996139526368},"rotation":{"x":-0.12432832270860672,"y":0.33160942792892458,"z":-0.044127218425273898,"w":-0.9341720938682556},"size":50.536376953125,"orthographic":false}