{"cameraMode":{"drawMode":0,"name":"Shaded","section":"Shading Mode"},"sceneLighting":false,"audioPlay":false,"sceneViewState":{"showFog":false,"showMaterialUpdate":false,"showSkybox":false,"showFlares":false,"showImageEffects":false,"showParticleSystems":false},"in2DMode":false,"pivot":{"x":-10.862567901611329,"y":7.445161819458008,"z":-0.5978887677192688},"rotation":{"x":-0.06447622179985047,"y":0.30682796239852908,"z":-0.020831113681197168,"w":-0.949357807636261},"size":42.026756286621097,"orthographic":false}