{"cameraMode":{"drawMode":0,"name":"Shaded","section":"Shading Mode"},"sceneLighting":false,"audioPlay":false,"sceneViewState":{"showFog":false,"showMaterialUpdate":false,"showSkybox":false,"showFlares":false,"showImageEffects":false,"showParticleSystems":false},"in2DMode":false,"pivot":{"x":6.577081203460693,"y":12.16313648223877,"z":-30.299911499023439},"rotation":{"x":-0.10732319951057434,"y":0.2999017536640167,"z":-0.03396971896290779,"w":-0.9473124742507935},"size":4.852239608764648,"orthographic":false}