{"cameraMode":{"drawMode":0,"name":"Shaded","section":"Shading Mode"},"sceneLighting":false,"audioPlay":false,"sceneViewState":{"showFog":false,"showMaterialUpdate":false,"showSkybox":false,"showFlares":false,"showImageEffects":false,"showParticleSystems":false},"in2DMode":false,"pivot":{"x":-1.3380495309829713,"y":6.353389263153076,"z":17.580184936523439},"rotation":{"x":-0.07164180278778076,"y":0.12889960408210755,"z":-0.00933060236275196,"w":-0.9890299439430237},"size":50.4348030090332,"orthographic":false}
