{"cameraMode":{"drawMode":0,"name":"Shaded","section":"Shading Mode"},"sceneLighting":false,"audioPlay":false,"sceneViewState":{"showFog":false,"showMaterialUpdate":false,"showSkybox":false,"showFlares":false,"showImageEffects":false,"showParticleSystems":false},"in2DMode":false,"pivot":{"x":-18.09214973449707,"y":-1.5060052871704102,"z":3.7169151306152345},"rotation":{"x":-0.13419891893863679,"y":0.32972055673599245,"z":-0.04740426689386368,"w":-0.9332961440086365},"size":51.04736328125,"orthographic":false}