{"cameraMode":{"drawMode":0,"name":"Shaded","section":"Shading Mode"},"sceneLighting":false,"audioPlay":false,"sceneViewState":{"showFog":true,"showMaterialUpdate":false,"showSkybox":true,"showFlares":true,"showImageEffects":true,"showParticleSystems":true},"in2DMode":false,"pivot":{"x":59.478416442871097,"y":-6.205170154571533,"z":66.53146362304688},"rotation":{"x":-0.05791410803794861,"y":-0.346847802400589,"z":0.021488944068551065,"w":-0.9359115362167358},"size":103.01258087158203,"orthographic":false}