{"cameraMode":{"drawMode":0,"name":"Shaded","section":"Shading Mode"},"sceneLighting":false,"audioPlay":false,"sceneViewState":{"showFog":true,"showMaterialUpdate":false,"showSkybox":true,"showFlares":true,"showImageEffects":true,"showParticleSystems":true},"in2DMode":false,"pivot":{"x":-11.8698148727417,"y":-33.03106689453125,"z":110.14204406738281},"rotation":{"x":-0.16261917352676392,"y":0.07451502233743668,"z":-0.012284102849662304,"w":-0.983821451663971},"size":162.47042846679688,"orthographic":false}