{"cameraMode":{"drawMode":0,"name":"Shaded","section":"Shading Mode"},"sceneLighting":false,"audioPlay":false,"sceneViewState":{"showFog":true,"showMaterialUpdate":false,"showSkybox":true,"showFlares":true,"showImageEffects":true,"showParticleSystems":true},"in2DMode":false,"pivot":{"x":41.14883804321289,"y":-38.865455627441409,"z":79.30787658691406},"rotation":{"x":-0.20295394957065583,"y":-0.22905203700065614,"z":0.0489276759326458,"w":-0.9507911205291748},"size":103.01258087158203,"orthographic":false}