{"cameraMode":{"drawMode":0,"name":"Shaded","section":"Shading Mode"},"sceneLighting":false,"audioPlay":false,"sceneViewState":{"showFog":false,"showMaterialUpdate":false,"showSkybox":false,"showFlares":false,"showImageEffects":false,"showParticleSystems":false},"in2DMode":false,"pivot":{"x":-22.287214279174806,"y":1.4203662872314454,"z":21.546466827392579},"rotation":{"x":-0.061505336314439777,"y":0.31257811188697817,"z":-0.020285531878471376,"w":-0.9476839303970337},"size":79.2603759765625,"orthographic":false}