{"cameraMode":{"drawMode":0,"name":"Shaded","section":"Shading Mode"},"sceneLighting":false,"audioPlay":false,"sceneViewState":{"showFog":false,"showMaterialUpdate":false,"showSkybox":false,"showFlares":false,"showImageEffects":false,"showParticleSystems":false},"in2DMode":false,"pivot":{"x":-1.9548637866973878,"y":6.322028636932373,"z":12.821208000183106},"rotation":{"x":-0.0788767859339714,"y":0.14511743187904359,"z":-0.011600092053413391,"w":-0.9862049221992493},"size":51.04736328125,"orthographic":false}