{"cameraMode":{"drawMode":0,"name":"Shaded","section":"Shading Mode"},"sceneLighting":false,"audioPlay":false,"sceneViewState":{"showFog":false,"showMaterialUpdate":false,"showSkybox":false,"showFlares":false,"showImageEffects":false,"showParticleSystems":false},"in2DMode":false,"pivot":{"x":1.177971363067627,"y":6.810665130615234,"z":-33.31098937988281},"rotation":{"x":-0.0775439515709877,"y":0.13180647790431977,"z":-0.01033652015030384,"w":-0.9881913661956787},"size":26.305572509765626,"orthographic":false}