{"cameraMode":{"drawMode":0,"name":"Shaded","section":"Shading Mode"},"sceneLighting":false,"audioPlay":false,"sceneViewState":{"showFog":false,"showMaterialUpdate":false,"showSkybox":false,"showFlares":false,"showImageEffects":false,"showParticleSystems":false},"in2DMode":false,"pivot":{"x":4.749802589416504,"y":11.067279815673829,"z":-8.674762725830079},"rotation":{"x":-0.1462707370519638,"y":0.16155889630317689,"z":-0.02421613782644272,"w":-0.9756698608398438},"size":23.206344604492189,"orthographic":false}