{"cameraMode":{"drawMode":0,"name":"Shaded","section":"Shading Mode"},"sceneLighting":false,"audioPlay":false,"sceneViewState":{"showFog":false,"showMaterialUpdate":false,"showSkybox":false,"showFlares":false,"showImageEffects":false,"showParticleSystems":false},"in2DMode":false,"pivot":{"x":13.142105102539063,"y":11.4800386428833,"z":-33.145530700683597},"rotation":{"x":-0.10821560770273209,"y":0.3140237033367157,"z":-0.03604678064584732,"w":-0.9425467848777771},"size":2.785120725631714,"orthographic":false}