{"cameraMode":{"drawMode":0,"name":"Shaded","section":"Shading Mode"},"sceneLighting":false,"audioPlay":false,"sceneViewState":{"showFog":false,"showMaterialUpdate":false,"showSkybox":false,"showFlares":false,"showImageEffects":false,"showParticleSystems":false},"in2DMode":false,"pivot":{"x":-66.89435577392578,"y":-8.82752799987793,"z":41.22323989868164},"rotation":{"x":-0.0894409716129303,"y":0.39953184127807619,"z":-0.039199743419885638,"w":-0.9115097522735596},"size":110.44499206542969,"orthographic":false}