{"cameraMode":{"drawMode":0,"name":"Shaded","section":"Shading Mode"},"sceneLighting":false,"audioPlay":false,"sceneViewState":{"showFog":false,"showMaterialUpdate":false,"showSkybox":false,"showFlares":false,"showImageEffects":false,"showParticleSystems":false},"in2DMode":false,"pivot":{"x":-10.935312271118164,"y":-12.811866760253907,"z":28.582740783691408},"rotation":{"x":-0.19464211165905,"y":0.19193121790885926,"z":-0.038862526416778567,"w":-0.9611353874206543},"size":50.4348030090332,"orthographic":false}