{"cameraMode":{"drawMode":0,"name":"Shaded","section":"Shading Mode"},"sceneLighting":false,"audioPlay":false,"sceneViewState":{"showFog":false,"showMaterialUpdate":false,"showSkybox":false,"showFlares":false,"showImageEffects":false,"showParticleSystems":false},"in2DMode":false,"pivot":{"x":-33.275856018066409,"y":0.42259716987609866,"z":79.04109191894531},"rotation":{"x":-0.014873716980218888,"y":0.23679901659488679,"z":-0.0036243463400751354,"w":-0.9714418053627014},"size":107.51583099365235,"orthographic":false}