{"cameraMode":{"drawMode":0,"name":"Shaded","section":"Shading Mode"},"sceneLighting":false,"audioPlay":false,"sceneViewState":{"showFog":true,"showMaterialUpdate":false,"showSkybox":true,"showFlares":true,"showImageEffects":true,"showParticleSystems":true},"in2DMode":false,"pivot":{"x":-39.939334869384769,"y":-3.813206672668457,"z":122.62890625},"rotation":{"x":-0.05056748539209366,"y":0.16757944226264954,"z":-0.008571704849600792,"w":-0.9845499992370606},"size":164.5841522216797,"orthographic":false}