{"cameraMode":{"drawMode":0,"name":"Shaded","section":"Shading Mode"},"sceneLighting":false,"audioPlay":false,"sceneViewState":{"showFog":true,"showMaterialUpdate":false,"showSkybox":true,"showFlares":true,"showImageEffects":true,"showParticleSystems":true},"in2DMode":false,"pivot":{"x":58.486331939697269,"y":-5.902899742126465,"z":64.17631530761719},"rotation":{"x":-0.05791410803794861,"y":-0.346847802400589,"z":0.021488944068551065,"w":-0.9359115362167358},"size":103.01258087158203,"orthographic":false}