{"cameraMode":{"drawMode":0,"name":"Shaded","section":"Shading Mode"},"sceneLighting":false,"audioPlay":false,"sceneViewState":{"showFog":true,"showMaterialUpdate":false,"showSkybox":true,"showFlares":true,"showImageEffects":true,"showParticleSystems":true},"in2DMode":false,"pivot":{"x":-11.637919425964356,"y":-2.624643325805664,"z":53.50162124633789},"rotation":{"x":-0.09686021506786347,"y":0.12713535130023957,"z":-0.012443487532436848,"w":-0.9870938658714294},"size":91.97479248046875,"orthographic":false}