{"cameraMode":{"drawMode":0,"name":"Shaded","section":"Shading Mode"},"sceneLighting":false,"audioPlay":false,"sceneViewState":{"showFog":false,"showMaterialUpdate":false,"showSkybox":false,"showFlares":false,"showImageEffects":false,"showParticleSystems":false},"in2DMode":false,"pivot":{"x":-58.37311935424805,"y":-13.282361030578614,"z":56.58609390258789},"rotation":{"x":-0.08038035035133362,"y":0.38619011640548708,"z":-0.03380311280488968,"w":-0.9182923436164856},"size":107.51583099365235,"orthographic":false}