{"cameraMode":{"drawMode":0,"name":"Shaded","section":"Shading Mode"},"sceneLighting":false,"audioPlay":false,"sceneViewState":{"showFog":false,"showMaterialUpdate":false,"showSkybox":false,"showFlares":false,"showImageEffects":false,"showParticleSystems":false},"in2DMode":false,"pivot":{"x":13.153996467590332,"y":11.7346830368042,"z":-33.078575134277347},"rotation":{"x":-0.06447622179985047,"y":0.30682796239852908,"z":-0.020831113681197168,"w":-0.949357807636261},"size":2.785120725631714,"orthographic":false}