{"cameraMode":{"drawMode":0,"name":"Shaded","section":"Shading Mode"},"sceneLighting":false,"audioPlay":false,"sceneViewState":{"showFog":false,"showMaterialUpdate":false,"showSkybox":false,"showFlares":false,"showImageEffects":false,"showParticleSystems":false},"in2DMode":false,"pivot":{"x":8.611807823181153,"y":14.47311019897461,"z":-28.587352752685548},"rotation":{"x":-0.0775439515709877,"y":0.13180647790431977,"z":-0.01033652015030384,"w":-0.9881913661956787},"size":2.7853832244873049,"orthographic":false}