{"cameraMode":{"drawMode":0,"name":"Shaded","section":"Shading Mode"},"sceneLighting":false,"audioPlay":false,"sceneViewState":{"showFog":false,"showMaterialUpdate":false,"showSkybox":false,"showFlares":false,"showImageEffects":false,"showParticleSystems":false},"in2DMode":false,"pivot":{"x":7.134464740753174,"y":12.28549861907959,"z":-29.92972183227539},"rotation":{"x":-0.10732319951057434,"y":0.2999017536640167,"z":-0.03396971896290779,"w":-0.9473124742507935},"size":5.247686862945557,"orthographic":false}