{"cameraMode":{"drawMode":0,"name":"Shaded","section":"Shading Mode"},"sceneLighting":false,"audioPlay":false,"sceneViewState":{"showFog":true,"showMaterialUpdate":true,"showSkybox":true,"showFlares":true,"showImageEffects":true,"showParticleSystems":true},"in2DMode":false,"pivot":{"x":-11.235185623168946,"y":-0.09230613708496094,"z":-3.43526554107666},"rotation":{"x":-0.12864597141742707,"y":0.78711998462677,"z":-0.17544451355934144,"w":-0.5771605968475342},"size":49.43368911743164,"orthographic":false}