{"cameraMode":{"drawMode":0,"name":"Shaded","section":"Shading Mode"},"sceneLighting":false,"audioPlay":false,"sceneViewState":{"showFog":false,"showMaterialUpdate":false,"showSkybox":false,"showFlares":false,"showImageEffects":false,"showParticleSystems":false},"in2DMode":false,"pivot":{"x":-0.6795492172241211,"y":0.9637360572814941,"z":0.11570119857788086},"rotation":{"x":-0.07235604524612427,"y":0.8976868391036987,"z":-0.16085776686668397,"w":-0.4037918746471405},"size":10.0,"orthographic":false}