{"cameraMode":{"drawMode":0,"name":"Shaded","section":"Shading Mode"},"sceneLighting":true,"audioPlay":false,"sceneViewState":{"showFog":true,"showMaterialUpdate":false,"showSkybox":true,"showFlares":true,"showImageEffects":true,"showParticleSystems":true},"in2DMode":false,"pivot":{"x":-54.35749435424805,"y":57.56401824951172,"z":137.10177612304688},"rotation":{"x":0.04142909124493599,"y":0.9116672873497009,"z":-0.09498102217912674,"w":0.39765024185180666},"size":14.289420127868653,"orthographic":false}