{"cameraMode":{"drawMode":0,"name":"Shaded","section":"Shading Mode"},"sceneLighting":true,"audioPlay":false,"sceneViewState":{"showFog":true,"showMaterialUpdate":true,"showSkybox":true,"showFlares":true,"showImageEffects":true,"showParticleSystems":true},"in2DMode":false,"pivot":{"x":-70.73829650878906,"y":63.99344253540039,"z":160.898193359375},"rotation":{"x":0.042831648141145709,"y":0.9189227819442749,"z":-0.10410366952419281,"w":0.37805017828941347},"size":14.289420127868653,"orthographic":false}