{"cameraMode":{"drawMode":0,"name":"Shaded","section":"Shading Mode"},"sceneLighting":false,"audioPlay":false,"sceneViewState":{"showFog":true,"showMaterialUpdate":false,"showSkybox":true,"showFlares":true,"showImageEffects":true,"showParticleSystems":true},"in2DMode":false,"pivot":{"x":287.7956848144531,"y":-276.9403991699219,"z":427.6189880371094},"rotation":{"x":-0.24287325143814088,"y":-0.22396793961524964,"z":0.057738758623600009,"w":-0.942084789276123},"size":651.6874389648438,"orthographic":false}