{"cameraMode":{"drawMode":0,"name":"Shaded","section":"Shading Mode"},"sceneLighting":false,"audioPlay":false,"sceneViewState":{"showFog":false,"showMaterialUpdate":false,"showSkybox":false,"showFlares":false,"showImageEffects":false,"showParticleSystems":false},"in2DMode":false,"pivot":{"x":1.8663806915283204,"y":0.2826501429080963,"z":7.358767986297607},"rotation":{"x":-0.20034563541412354,"y":0.19313283264636994,"z":-0.04032107815146446,"w":-0.9596706032752991},"size":25.53726577758789,"orthographic":false}