{"cameraMode":{"drawMode":0,"name":"Shaded","section":"Shading Mode"},"sceneLighting":false,"audioPlay":false,"sceneViewState":{"showFog":false,"showMaterialUpdate":false,"showSkybox":false,"showFlares":false,"showImageEffects":false,"showParticleSystems":false},"in2DMode":false,"pivot":{"x":-8.496896743774414,"y":5.117092132568359,"z":-1.4603712558746338},"rotation":{"x":-0.15940338373184205,"y":-0.34933826327323916,"z":0.06043487414717674,"w":-0.9213728904724121},"size":15.790223121643067,"orthographic":false}